{"cameraMode":{"drawMode":0,"name":"Shaded","section":"Shading Mode"},"sceneLighting":true,"audioPlay":false,"sceneViewState":{"showFog":true,"showMaterialUpdate":false,"showSkybox":true,"showFlares":true,"showImageEffects":true,"showParticleSystems":true},"in2DMode":false,"pivot":{"x":9.978565216064454,"y":-9.63882064819336,"z":-23.38524055480957},"rotation":{"x":0.24862118065357209,"y":0.6635055541992188,"z":-0.24997414648532868,"w":0.6598946452140808},"size":24.283002853393556,"orthographic":false}