{"cameraMode":{"drawMode":0,"name":"Shaded","section":"Shading Mode"},"sceneLighting":true,"audioPlay":false,"sceneViewState":{"showFog":true,"showMaterialUpdate":false,"showSkybox":true,"showFlares":true,"showImageEffects":true,"showParticleSystems":true},"in2DMode":false,"pivot":{"x":571.775634765625,"y":87.07745361328125,"z":495.4436340332031},"rotation":{"x":-0.14897900819778443,"y":0.7747796177864075,"z":-0.19849954545497895,"w":-0.5814879536628723},"size":17.602821350097658,"orthographic":false}